label,queue,wait,samples,interval_ns,producer_cpu,consumer_cpu,p50_ns,p90_ns,p99_ns,p999_ns,p9999_ns,max_ns,consumer_cpu_util,negative_deltas
mutex,mutex,spin,5000000,1000,2,4,515.0,1907.7,24687.4,151964.8,581719.5,826308.0,1.004,0
a0,a0,spin,5000000,1000,2,4,107.5,243.5,4950.0,57758.7,434500.9,669803.2,1.069,0
a1,a1,spin,5000000,1000,2,4,103.1,235.0,4832.2,147826.7,543017.0,711321.3,1.067,0
spsc,spsc,spin,5000000,1000,2,4,98.6,206.6,5123.1,95351.9,547487.6,740990.8,1.072,0
pad128,pad128,spin,5000000,1000,2,4,102.8,201.1,5559.3,92896.1,589387.1,1130676.9,1.071,0
prefetch,prefetch,spin,5000000,1000,2,4,98.3,165.1,4242.2,67279.8,394220.6,742957.2,1.070,0
seqcst,seqcst,spin,5000000,1000,2,4,102.8,205.8,4711.0,83847.0,627286.0,1155692.9,1.070,0
a0-smt,a0,spin,5000000,1000,2,3,107.5,271.6,4954.5,99843.7,536654.0,736149.2,1.067,0
spsc-smt,spsc,spin,5000000,1000,2,3,98.6,211.1,4588.1,122917.1,1171493.1,2503345.7,1.069,0
mutex,mutex,spin,5000000,1000,2,4,504.3,1494.8,22755.9,166987.3,576205.0,783567.4,1.018,0
a0,a0,spin,5000000,1000,2,4,104.2,243.4,4119.5,50809.8,523696.1,736125.1,1.070,0
a1,a1,spin,5000000,1000,2,4,102.7,290.0,5898.7,116484.8,563755.0,1155523.9,1.070,0
spsc,spsc,spin,5000000,1000,2,4,98.3,215.2,5254.0,471234.1,2978090.9,3470378.7,1.068,0
pad128,pad128,spin,5000000,1000,2,4,103.3,206.6,4625.0,89800.7,596232.7,791550.1,1.067,0
prefetch,prefetch,spin,5000000,1000,2,4,98.6,169.0,4333.9,189391.9,1450606.6,2392513.2,1.072,0
seqcst,seqcst,spin,5000000,1000,2,4,98.4,196.2,4616.7,103627.6,580820.0,867918.8,1.071,0
a0-smt,a0,spin,5000000,1000,2,3,107.4,248.1,4297.1,63273.3,565184.4,864548.1,1.070,0
spsc-smt,spsc,spin,5000000,1000,2,3,98.6,281.0,34928.1,2820264.0,6294075.0,7525676.8,1.070,0
mutex,mutex,spin,5000000,1000,2,4,510.2,2266.6,38777.5,258724.9,940781.6,4204658.3,0.996,0
a0,a0,spin,5000000,1000,2,4,108.0,257.0,5343.5,163122.3,549892.1,1121364.5,1.069,0
a1,a1,spin,5000000,1000,2,4,98.4,270.8,4752.0,98506.7,2140097.2,2630253.7,1.072,0
spsc,spsc,spin,5000000,1000,2,4,98.3,205.9,4165.9,70572.5,531035.7,832440.7,1.070,0
pad128,pad128,spin,5000000,1000,2,4,107.4,187.2,4736.4,203166.1,656209.7,874330.1,1.070,0
prefetch,prefetch,spin,5000000,1000,2,4,112.4,190871.8,9607809.3,11962470.7,12890659.5,36332778.0,1.034,0
seqcst,seqcst,spin,5000000,1000,2,4,32700.5,746699.5,5559867.5,13556433.3,13605616.0,13614068.2,1.065,0
a0-smt,a0,spin,5000000,1000,2,3,387.0,423606.6,2852290.4,6302485.7,8237389.2,8726950.4,1.069,0
spsc-smt,spsc,spin,5000000,1000,2,3,121.3,32038.7,1077329.2,5743526.1,5776228.3,7637134.2,1.071,0
