label,queue,reps,seconds,producer_cpu,consumer_cpu,median_ops_per_sec,min_ops_per_sec,max_ops_per_sec,consumer_cpu_util
mutex,mutex,5,3.0,2,4,6193809,6121523,6446179,0.950
a0,a0,5,3.0,2,4,23565255,22968306,25342086,1.094
a1,a1,5,3.0,2,4,21315306,20118779,22246172,1.063
spsc,spsc,5,3.0,2,4,22855756,21741960,23551226,1.068
pad128,pad128,5,3.0,2,4,23234394,21989047,24001859,1.068
prefetch,prefetch,5,3.0,2,4,23442378,22334405,23846495,1.066
seqcst,seqcst,5,3.0,2,4,48993535,48095446,49205236,1.067
a0-smt,a0,5,3.0,2,3,24115368,23977226,25809051,1.067
spsc-smt,spsc,5,3.0,2,3,23576263,23432910,24492906,1.069
