label,mode,events,trades,checksum,matches_single_thread,median_events_per_sec
AAPL_20200130.bin,single,1993687,0,1469598103934665603,1,4902417
AAPL_20200130.bin,spsc,1993687,0,1469598103934665603,1,4182252
AAPL_20200130.bin,spsc-padded,1993687,0,1469598103934665603,1,4305159
AAPL_20200130.bin,mutex,1993687,0,1469598103934665603,1,2358673
events_5000000.bin,single,5000000,3406476,137855204691188079,1,13671940
events_5000000.bin,spsc,5000000,3406476,137855204691188079,1,10160400
events_5000000.bin,spsc-padded,5000000,3406476,137855204691188079,1,10199669
events_5000000.bin,mutex,5000000,3406476,137855204691188079,1,3664819
events_50000000.bin,single,50000000,29298045,16455334483792218160,1,12148989
events_50000000.bin,spsc,50000000,29298045,16455334483792218160,1,9257757
events_50000000.bin,spsc-padded,50000000,29298045,16455334483792218160,1,9198538
events_50000000.bin,mutex,50000000,29298045,16455334483792218160,1,3575132
