label,queue,reps,seconds,producer_cpu,consumer_cpu,median_ops_per_sec,min_ops_per_sec,max_ops_per_sec,consumer_cpu_util,full_retries_per_op,empty_retries_per_op,mean_depth
a0/backoff1,a0,3,2.0,2,4,25971776,25249996,26122901,1.070,0.0003,0.1444,564.0
a1/backoff1,a1,3,2.0,2,4,22286228,21893836,25753928,1.066,0.0000,0.4679,637.8
spsc/backoff1,spsc,3,2.0,2,4,26095106,25431150,27693866,1.073,0.0022,0.7225,839.5
seqcst/backoff1,seqcst,3,2.0,2,4,55250705,54669724,55570834,1.063,0.0001,0.0304,35530.8
a0/backoff8,a0,3,2.0,2,4,29739109,27622782,30078608,1.054,0.0004,0.0715,796.0
a1/backoff8,a1,3,2.0,2,4,28656919,26416780,30581455,1.069,0.0010,0.1260,732.2
spsc/backoff8,spsc,3,2.0,2,4,29385648,29353424,30440880,1.078,0.0006,0.2115,634.0
seqcst/backoff8,seqcst,3,2.0,2,4,57097378,56156976,58029728,1.073,0.0009,0.0059,33092.6
a0/backoff32,a0,3,2.0,2,4,28871789,28548063,30107080,1.058,0.0000,0.0307,637.9
a1/backoff32,a1,3,2.0,2,4,34216326,30567346,36147333,1.058,0.0005,0.0454,389.6
spsc/backoff32,spsc,3,2.0,2,4,40214537,33422341,43552570,1.061,0.0003,0.0573,421.7
seqcst/backoff32,seqcst,3,2.0,2,4,57291919,57129779,57738399,1.069,0.0017,0.0014,35047.5
a0/backoff128,a0,3,2.0,2,4,36629828,35910059,36969865,1.070,0.0004,0.0138,336.5
a1/backoff128,a1,3,2.0,2,4,35471394,32581824,37462848,1.068,0.0004,0.0143,434.6
spsc/backoff128,spsc,3,2.0,2,4,40947793,39915252,43667308,1.065,0.0024,0.0189,398.3
seqcst/backoff128,seqcst,3,2.0,2,4,57658425,57419852,57947294,1.066,0.0005,0.0005,32758.7
